{
  "success": true,
  "data": {
    "cards": [
      {
        "id": 1,
        "product_name": "腾讯视频VIP会员月卡",
        "card_code": "TVIP-2024-ABC123",
        "status": "unused",
        "category": "video",
        "created_at": "2024-01-15 10:30:00",
        "expires_at": "2024-02-15 23:59:59"
      },
      {
        "id": 2,
        "product_name": "网易云音乐黑胶VIP季卡",
        "card_code": "MUSIC-XYZ789",
        "status": "used",
        "category": "music",
        "created_at": "2024-01-10 14:20:00",
        "expires_at": "2024-04-10 23:59:59"
      },
      {
        "id": 3,
        "product_name": "Steam游戏激活码",
        "card_code": "STEAM-GAME456",
        "status": "unused",
        "category": "game",
        "created_at": "2024-01-12 09:15:00",
        "expires_at": "2024-12-31 23:59:59"
      }
    ],
    "pagination": {
      "current_page": 1,
      "total_pages": 5,
      "total_items": 15,
      "items_per_page": 3
    }
  }
}